UID,From Bus,To Bus,R,X,B,Cont Rating,Tr Ratio
"branch4",2,3,0.00108,0.0108,0.01852,80.0,0
"branch1",1,2,0.00281,0.0281,0.00712,13.3,0
"branch2",1,4,0.00304,0.0304,0.00658,13.3,0
"branch7",4,10,0.00297,0.0297,0.00674,13.3,0
"branch3",1,10,0.00064,0.0064,0.03126,66.6,0
"branch5",3,4,0.00297,0.0297,0.00337,66.6,1.05
"branch6",3,4,0.003274425,0.03274425,0.003056689,28.4,0.952380952